{
  "trained_at": "2026-01-14T01:14:36.055048",
  "train_count": 1071,
  "train_loss": 0.0016158012440428138,
  "test_loss": 0.0010624014539644122,
  "train_mae": 0.020671289414167404,
  "test_mae": 0.014223487116396427,
  "sequence_length": 30,
  "prediction_horizon": 10,
  "gpu_enabled": false,
  "epochs": 50,
  "batch_size": 16
}