{
  "trained_at": "2026-01-22T06:07:01.168888",
  "train_count": 1071,
  "train_loss": 0.0017377356998622417,
  "test_loss": 0.0009869429050013423,
  "train_mae": 0.02176387421786785,
  "test_mae": 0.01503383181989193,
  "sequence_length": 30,
  "prediction_horizon": 10,
  "gpu_enabled": false,
  "epochs": 50,
  "batch_size": 16
}