{
  "trained_at": "2026-01-21T08:03:24.758923",
  "train_count": 1071,
  "train_loss": 0.0014470013557001948,
  "test_loss": 0.0009535286226309836,
  "train_mae": 0.020686231553554535,
  "test_mae": 0.013940246775746346,
  "sequence_length": 30,
  "prediction_horizon": 10,
  "gpu_enabled": false,
  "epochs": 50,
  "batch_size": 16
}