{
  "trained_at": "2026-02-14T17:19:29.021478",
  "train_count": 1071,
  "train_loss": 0.00878963153809309,
  "test_loss": 0.004713067319244146,
  "train_mae": 0.0604785792529583,
  "test_mae": 0.02389165759086609,
  "sequence_length": 30,
  "prediction_horizon": 10,
  "gpu_enabled": false,
  "epochs": 50,
  "batch_size": 16
}