{
  "trained_at": "2026-01-11T04:52:26.146661",
  "train_count": 1071,
  "train_loss": 0.0011959192343056202,
  "test_loss": 0.0007955748005770147,
  "train_mae": 0.018974576145410538,
  "test_mae": 0.012786805629730225,
  "sequence_length": 30,
  "prediction_horizon": 10,
  "gpu_enabled": false,
  "epochs": 50,
  "batch_size": 16
}