{
  "trained_at": "2026-01-13T23:29:23.621367",
  "train_count": 1071,
  "train_loss": 0.001338117872364819,
  "test_loss": 0.0009000442223623395,
  "train_mae": 0.019686050713062286,
  "test_mae": 0.012893345206975937,
  "sequence_length": 30,
  "prediction_horizon": 10,
  "gpu_enabled": false,
  "epochs": 50,
  "batch_size": 16
}