{
  "trained_at": "2026-01-11T00:27:20.147103",
  "train_count": 33,
  "train_mae": 0.07563046785297113,
  "test_mae": 0.09954663640714909,
  "train_r2": 0.7390167745501897,
  "test_r2": 0.1002076875463932,
  "feature_count": 13
}