{
  "trained_at": "2026-01-11T00:27:19.899940",
  "train_count": 33,
  "train_acc": 0.8846153846153846,
  "test_acc": 0.2857142857142857,
  "f1_score": 0.25396825396825395,
  "feature_count": 12
}